sampleId,patientId,gene,entrezGeneId,mutationType,proteinChange,tumorAltCount,tumorRefCount,normalAltCount,normalRefCount,ncbiBuild,chr,startPosition,endPosition,keyword
TCGA-3C-AALI-01,TCGA-3C-AALI,CHEK2,11200,Nonsense_Mutation,Q69*,15,83,0,42,GRCh37,22,29130505,29130505,CHEK2 truncating
TCGA-3C-AALI-01,TCGA-3C-AALI,PALB2,79728,Missense_Mutation,L381V,27,52,0,49,GRCh37,16,23646726,23646726,PALB2 L381 missense
TCGA-A1-A0SH-01,TCGA-A1-A0SH,BRCA1,672,Nonsense_Mutation,Q934*,44,160,0,120,GRCh37,17,41244748,41244748,BRCA1 truncating
TCGA-A1-A0SI-01,TCGA-A1-A0SI,BRCA1,672,Missense_Mutation,E9Q,9,26,0,56,GRCh37,17,41276089,41276089,BRCA1 E9 missense
TCGA-A1-A0SO-01,TCGA-A1-A0SO,BRCA1,672,Splice_Site,X27_splice,113,11,0,88,GRCh37,17,41276033,41276033,BRCA1 truncating
TCGA-A2-A04P-01,TCGA-A2-A04P,BRCA2,675,Missense_Mutation,Q3206E,15,154,0,103,GRCh37,13,32971149,32971149,BRCA2 Q3206 missense
TCGA-A2-A04T-01,TCGA-A2-A04T,NBN,4683,Missense_Mutation,S213L,58,294,0,101,GRCh37,8,90983465,90983465,NBN S213 missense
TCGA-A2-A0CX-01,TCGA-A2-A0CX,BRIP1,83990,Missense_Mutation,E421Q,97,256,0,142,GRCh37,17,59876540,59876540,BRIP1 E421 missense
TCGA-A2-A0EY-01,TCGA-A2-A0EY,ATM,472,Missense_Mutation,P1587T,12,153,0,80,GRCh37,11,108164187,108164187,ATM P1587 missense
TCGA-A2-A0SU-01,TCGA-A2-A0SU,BRCA2,675,Nonsense_Mutation,Y3308*,27,41,0,121,GRCh37,13,32972574,32972574,BRCA2 truncating
TCGA-A2-A0T0-01,TCGA-A2-A0T0,BRCA2,675,Nonsense_Mutation,L2926*,31,58,0,147,GRCh37,13,32953476,32953476,BRCA2 truncating
TCGA-A2-A0T7-01,TCGA-A2-A0T7,ATM,472,Nonsense_Mutation,R3047*,62,94,0,210,GRCh37,11,108236203,108236203,ATM truncating
TCGA-A2-A0YK-01,TCGA-A2-A0YK,ATM,472,Missense_Mutation,D2720N,12,76,0,136,GRCh37,11,108206578,108206578,ATM D2720 missense
TCGA-A2-A25A-01,TCGA-A2-A25A,CHEK2,11200,Missense_Mutation,E308Q,16,112,0,69,GRCh37,22,29095912,29095912,CHEK2 E308 missense
TCGA-A2-A25B-01,TCGA-A2-A25B,BRCA1,672,Nonsense_Mutation,E720*,32,8,0,80,GRCh37,17,41245390,41245390,BRCA1 truncating
TCGA-A2-A4S1-01,TCGA-A2-A4S1,MRE11,4361,Missense_Mutation,E77K,4,21,0,29,GRCh37,11,94219175,94219175,MRE11 E77 missense
TCGA-A2-A4S2-01,TCGA-A2-A4S2,PALB2,79728,Missense_Mutation,G115E,16,87,0,96,GRCh37,16,23647523,23647523,PALB2 G115 missense
TCGA-A7-A26H-01,TCGA-A7-A26H,BRCA1,672,Frame_Shift_Del,T688Vfs*12,51,88,0,63,GRCh37,17,41245484,41245487,BRCA1 truncating
TCGA-A7-A5ZV-01,TCGA-A7-A5ZV,FANCA,2175,Missense_Mutation,R1055G,32,77,0,114,GRCh37,16,89816214,89816214,FANCA R1055 missense
TCGA-A7-A6VW-01,TCGA-A7-A6VW,BRCA1,672,Frame_Shift_Del,C903Wfs*97,8,13,0,34,GRCh37,17,41244839,41244839,BRCA1 truncating
TCGA-A7-A6VW-01,TCGA-A7-A6VW,NBN,4683,Missense_Mutation,P198Q,4,83,1,85,GRCh37,8,90983510,90983510,NBN P198 missense
TCGA-A7-A6VY-01,TCGA-A7-A6VY,NBN,4683,Missense_Mutation,P198Q,5,111,0,92,GRCh37,8,90983510,90983510,NBN P198 missense
TCGA-A8-A06R-01,TCGA-A8-A06R,BRIP1,83990,Splice_Site,X700_splice,31,103,0,295,GRCh37,17,59821953,59821953,BRIP1 truncating
TCGA-A8-A06X-01,TCGA-A8-A06X,ATM,472,Missense_Mutation,S378R,38,99,0,89,GRCh37,11,108119728,108119728,ATM S378 missense
TCGA-A8-A06X-01,TCGA-A8-A06X,BRCA1,672,Nonsense_Mutation,E272*,10,225,0,106,GRCh37,17,41246734,41246734,BRCA1 truncating
TCGA-A8-A076-01,TCGA-A8-A076,ATM,472,Missense_Mutation,E738K,8,159,0,101,GRCh37,11,108127029,108127029,ATM E738 missense
TCGA-A8-A076-01,TCGA-A8-A076,BRIP1,83990,Missense_Mutation,S913F,102,191,0,259,GRCh37,17,59763364,59763364,BRIP1 S913 missense
TCGA-A8-A07E-01,TCGA-A8-A07E,ATM,472,Missense_Mutation,E2164K,77,134,0,151,GRCh37,11,108192065,108192065,ATM E2164 missense
TCGA-A8-A07I-01,TCGA-A8-A07I,BRCA2,675,Missense_Mutation,D1355Y,19,58,0,98,GRCh37,13,32912555,32912555,BRCA2 D1355 missense
TCGA-A8-A07O-01,TCGA-A8-A07O,ATM,472,Missense_Mutation,N796T,14,36,0,47,GRCh37,11,108129723,108129723,ATM N796 missense
TCGA-A8-A07P-01,TCGA-A8-A07P,ATM,472,Frame_Shift_Del,L1574Ffs*11,65,54,0,396,GRCh37,11,108164150,108164152,ATM truncating
TCGA-A8-A085-01,TCGA-A8-A085,BRCA2,675,Frame_Shift_Del,E260Sfs*15,16,8,0,26,GRCh37,13,32905149,32905150,BRCA2 truncating
TCGA-A8-A08B-01,TCGA-A8-A08B,BRCA2,675,In_Frame_Del,V1270del,30,17,0,71,GRCh37,13,32912296,32912298,BRCA2 1270-1270 deletion
TCGA-A8-A08L-01,TCGA-A8-A08L,BRCA2,675,Splice_Site,X2602_splice,81,68,0,141,GRCh37,13,32932067,32932067,BRCA2 truncating
TCGA-A8-A09G-01,TCGA-A8-A09G,ATM,472,Nonsense_Mutation,Q2800*,12,257,0,152,GRCh37,11,108214078,108214078,ATM truncating
TCGA-A8-A09I-01,TCGA-A8-A09I,FANCA,2175,Missense_Mutation,Q168E,13,37,0,34,GRCh37,16,89877135,89877135,FANCA Q168 missense
TCGA-A8-A09I-01,TCGA-A8-A09I,RAD51C,5889,Missense_Mutation,E360Q,132,109,0,109,GRCh37,17,56811530,56811530,RAD51C E360 missense
TCGA-A8-A09Z-01,TCGA-A8-A09Z,RAD50,10111,Missense_Mutation,R535H,156,149,0,239,GRCh37,5,131927067,131927067,RAD50 R535 missense
TCGA-A8-A0A7-01,TCGA-A8-A0A7,BRCA2,675,Missense_Mutation,E3175K,59,785,0,719,GRCh37,13,32971056,32971056,BRCA2 E3175 missense
TCGA-AC-A23H-01,TCGA-AC-A23H,BRCA2,675,Missense_Mutation,D687H,10,30,0,63,GRCh37,13,32910551,32910551,BRCA2 D687 missense
TCGA-AC-A23H-01,TCGA-AC-A23H,BRCA2,675,Missense_Mutation,D1033H,6,34,0,44,GRCh37,13,32911589,32911589,BRCA2 D1033 missense
TCGA-AC-A23H-01,TCGA-AC-A23H,FANCA,2175,Missense_Mutation,E38K,32,55,0,88,GRCh37,16,89882362,89882362,FANCA E38 missense
TCGA-AC-A23H-01,TCGA-AC-A23H,FANCA,2175,Missense_Mutation,D931H,19,86,0,88,GRCh37,16,89828418,89828418,FANCA D931 missense
TCGA-AC-A23H-01,TCGA-AC-A23H,RAD51C,5889,Missense_Mutation,D141H,37,527,0,213,GRCh37,17,56774070,56774070,RAD51C D141 missense
TCGA-AC-A23H-01,TCGA-AC-A23H,RAD51D,5892,Missense_Mutation,S33F,10,21,0,64,GRCh37,17,33446176,33446176,RAD51D S33 missense
TCGA-AC-A23H-01,TCGA-AC-A23H,CHEK2,11200,Missense_Mutation,L396V,30,61,0,57,GRCh37,22,29091771,29091771,CHEK2 L396 missense
TCGA-AC-A2QH-01,TCGA-AC-A2QH,RAD50,10111,In_Frame_Del,E75del,31,21,0,64,GRCh37,5,131911476,131911478,RAD50 75-75 deletion
TCGA-AC-A5XS-01,TCGA-AC-A5XS,MRE11,4361,Missense_Mutation,R402K,7,34,0,49,GRCh37,11,94197299,94197299,MRE11 R402 missense
TCGA-AC-A8OP-01,TCGA-AC-A8OP,CHEK2,11200,Missense_Mutation,I276N,16,111,0,153,GRCh37,22,29106013,29106013,CHEK2 I276 missense
TCGA-AN-A046-01,TCGA-AN-A046,ATM,472,Missense_Mutation,R337H,28,84,0,135,GRCh37,11,108117799,108117799,ATM R337 missense
TCGA-AN-A046-01,TCGA-AN-A046,ATM,472,Missense_Mutation,Y2437C,40,231,0,346,GRCh37,11,108200943,108200943,ATM Y2437 missense
TCGA-AN-A046-01,TCGA-AN-A046,ATM,472,Missense_Mutation,L345V,9,107,0,149,GRCh37,11,108117822,108117822,ATM L345 missense
TCGA-AN-A046-01,TCGA-AN-A046,BRCA1,672,Missense_Mutation,L1098I,60,233,0,265,GRCh37,17,41244256,41244256,BRCA1 L1098 missense
TCGA-AN-A046-01,TCGA-AN-A046,BRCA2,675,Missense_Mutation,K985I,5,26,0,44,GRCh37,13,32911446,32911446,BRCA2 K985 missense
TCGA-AN-A046-01,TCGA-AN-A046,BRCA2,675,Missense_Mutation,E3342K,18,87,0,151,GRCh37,13,32972674,32972674,BRCA2 E3342 missense
TCGA-AN-A046-01,TCGA-AN-A046,RAD50,10111,Missense_Mutation,R1069I,35,97,0,185,GRCh37,5,131953803,131953803,RAD50 R1069 missense
TCGA-AN-A046-01,TCGA-AN-A046,RAD50,10111,Missense_Mutation,E291D,66,242,0,288,GRCh37,5,131923370,131923370,RAD50 E291 missense
TCGA-AN-A046-01,TCGA-AN-A046,BRIP1,83990,Missense_Mutation,F934V,40,160,0,275,GRCh37,17,59763302,59763302,BRIP1 F934 missense
TCGA-AN-A04A-01,TCGA-AN-A04A,FANCA,2175,Missense_Mutation,R1053C,9,79,0,78,GRCh37,16,89816220,89816220,FANCA R1053 missense
TCGA-AN-A0AK-01,TCGA-AN-A0AK,RAD51B,5890,Missense_Mutation,I251V,23,72,0,119,GRCh37,14,68353916,68353916,RAD51B I251 missense
TCGA-AN-A0AT-01,TCGA-AN-A0AT,BRCA2,675,Missense_Mutation,E2650Q,57,114,0,310,GRCh37,13,32936802,32936802,BRCA2 E2650 missense
TCGA-AN-A0XU-01,TCGA-AN-A0XU,BRCA1,672,Missense_Mutation,G1788V,15,43,0,114,GRCh37,17,41201181,41201181,BRCA1 G1788 missense
TCGA-AN-A0XW-01,TCGA-AN-A0XW,BRCA2,675,Missense_Mutation,P527T,5,56,0,92,GRCh37,13,32907194,32907194,BRCA2 P527 missense
TCGA-AN-A0XW-01,TCGA-AN-A0XW,RAD50,10111,Missense_Mutation,E444K,32,133,0,173,GRCh37,5,131925407,131925407,RAD50 E444 missense
TCGA-AO-A03M-01,TCGA-AO-A03M,PALB2,79728,Missense_Mutation,E53K,53,225,0,434,GRCh37,16,23649225,23649225,PALB2 E53 missense
TCGA-AO-A0J4-01,TCGA-AO-A0J4,BRCA1,672,Missense_Mutation,V83F,5,68,0,72,GRCh37,17,41256939,41256939,BRCA1 V83 missense
TCGA-AO-A0J5-01,TCGA-AO-A0J5,BRIP1,83990,Missense_Mutation,R171T,11,445,0,313,GRCh37,17,59924577,59924577,BRIP1 R171 missense
TCGA-AO-A0J5-01,TCGA-AO-A0J5,BRIP1,83990,Missense_Mutation,D184N,18,540,0,417,GRCh37,17,59924539,59924539,BRIP1 D184 missense
TCGA-AO-A0JM-01,TCGA-AO-A0JM,ATM,472,Nonsense_Mutation,R2993*,136,80,0,295,GRCh37,11,108235935,108235935,ATM truncating
TCGA-AO-A124-01,TCGA-AO-A124,BRCA2,675,Missense_Mutation,C3304S,84,15,0,122,GRCh37,13,32972561,32972561,BRCA2 C3304 missense
TCGA-AO-A129-01,TCGA-AO-A129,ATM,472,Frame_Shift_Del,Y137Tfs*16,26,211,0,288,GRCh37,11,108106472,108106472,ATM truncating
TCGA-AO-A1KR-01,TCGA-AO-A1KR,BRCA1,672,In_Frame_Del,C644del,10,20,0,42,GRCh37,17,41245615,41245617,BRCA1 644-644 deletion
TCGA-AO-A1KT-01,TCGA-AO-A1KT,ATM,472,Splice_Site,X1474_splice,35,22,0,66,GRCh37,11,108160511,108160538,ATM truncating
TCGA-AR-A0TQ-01,TCGA-AR-A0TQ,BRIP1,83990,Missense_Mutation,E421K,36,329,0,112,GRCh37,17,59876540,59876540,BRIP1 E421 missense
TCGA-AR-A0TR-01,TCGA-AR-A0TR,FANCA,2175,Missense_Mutation,R1084C,5,47,0,56,GRCh37,16,89815165,89815165,FANCA R1084 missense
TCGA-AR-A0U4-01,TCGA-AR-A0U4,BRCA1,672,Frame_Shift_Ins,N1121Kfs*12,55,180,0,152,GRCh37,17,41244185,41244186,BRCA1 truncating
TCGA-AR-A1AI-01,TCGA-AR-A1AI,BRCA2,675,Missense_Mutation,R2336C,18,94,0,408,GRCh37,13,32921032,32921032,BRCA2 R2336 missense
TCGA-AR-A24M-01,TCGA-AR-A24M,MRE11,4361,Missense_Mutation,Q218K,18,27,0,57,GRCh37,11,94209462,94209462,MRE11 Q218 missense
TCGA-AR-A255-01,TCGA-AR-A255,ATM,472,Nonsense_Mutation,Q2269*,18,30,0,42,GRCh37,11,108196269,108196269,ATM truncating
TCGA-B6-A0IM-01,TCGA-B6-A0IM,RAD50,10111,Missense_Mutation,V497A,36,69,0,107,GRCh37,5,131926953,131926953,RAD50 V497 missense
TCGA-B6-A0RL-01,TCGA-B6-A0RL,ATM,472,Missense_Mutation,R2443Q,70,19,0,189,GRCh37,11,108200961,108200961,ATM R2443 missense
TCGA-B6-A0RV-01,TCGA-B6-A0RV,ATM,472,Splice_Site,X2032_splice,30,86,0,182,GRCh37,11,108186737,108186737,ATM truncating
TCGA-B6-A0X1-01,TCGA-B6-A0X1,BRCA1,672,Frame_Shift_Del,E23Sfs*8,177,216,0,197,GRCh37,17,41276047,41276047,BRCA1 truncating
TCGA-BH-A0AV-01,TCGA-BH-A0AV,CHEK2,11200,Missense_Mutation,D203E,18,69,0,67,GRCh37,22,29115457,29115457,CHEK2 D203 missense
TCGA-BH-A0BP-01,TCGA-BH-A0BP,RAD51D,5892,Missense_Mutation,S101F,24,48,0,205,GRCh37,17,33430502,33430502,RAD51D S101 missense
TCGA-BH-A0DS-01,TCGA-BH-A0DS,BRCA1,672,Missense_Mutation,Q1811L,23,126,0,79,GRCh37,17,41199695,41199695,BRCA1 Q1811 missense
TCGA-BH-A0HB-01,TCGA-BH-A0HB,CHEK2,11200,Missense_Mutation,R346C,25,20,0,44,GRCh37,22,29092948,29092948,CHEK2 R346 missense
TCGA-BH-A0HF-01,TCGA-BH-A0HF,BRCA2,675,Missense_Mutation,S879F,10,63,0,131,GRCh37,13,32911128,32911128,BRCA2 S879 missense
TCGA-BH-A0HP-01,TCGA-BH-A0HP,FANCA,2175,Missense_Mutation,E918Q,8,20,0,89,GRCh37,16,89831324,89831324,FANCA E918 missense
TCGA-BH-A0HW-01,TCGA-BH-A0HW,RAD51,5888,Missense_Mutation,L218R,21,17,0,63,GRCh37,15,41021711,41021711,RAD51 L218 missense
TCGA-BH-A0WA-01,TCGA-BH-A0WA,BRCA1,672,Splice_Site,X1559_splice,10,8,0,29,GRCh37,17,41223256,41223256,BRCA1 truncating
TCGA-BH-A18G-01,TCGA-BH-A18G,ATM,472,Nonsense_Mutation,R2993*,117,207,1,287,GRCh37,11,108235935,108235935,ATM truncating
TCGA-BH-A18P-01,TCGA-BH-A18P,RAD50,10111,Missense_Mutation,D368H,12,218,0,235,GRCh37,5,131924429,131924429,RAD50 D368 missense
TCGA-BH-A18U-01,TCGA-BH-A18U,MRE11,4361,Missense_Mutation,E451Q,377,433,1,696,GRCh37,11,94192723,94192723,MRE11 E451 missense
TCGA-BH-A1EO-01,TCGA-BH-A1EO,FANCA,2175,Missense_Mutation,E1015K,43,55,0,119,GRCh37,16,89818569,89818569,FANCA E1015 missense
TCGA-BH-A1FN-01,TCGA-BH-A1FN,RAD51,5888,Missense_Mutation,F86L,37,21,0,97,GRCh37,15,40998407,40998407,RAD51 F86 missense
TCGA-BH-A203-01,TCGA-BH-A203,PALB2,79728,Nonsense_Mutation,Q1146*,6,24,0,48,GRCh37,16,23614905,23614905,PALB2 truncating
TCGA-BH-A209-01,TCGA-BH-A209,RAD51C,5889,Missense_Mutation,P21S,8,33,0,55,GRCh37,17,56770065,56770065,RAD51C P21 missense
TCGA-BH-A2L8-01,TCGA-BH-A2L8,BRCA1,672,Missense_Mutation,D1578H,5,29,0,41,GRCh37,17,41223199,41223199,BRCA1 D1578 missense
TCGA-C8-A12T-01,TCGA-C8-A12T,BRCA1,672,Missense_Mutation,D1344H,37,89,0,224,GRCh37,17,41243518,41243518,BRCA1 D1344 missense
TCGA-C8-A12T-01,TCGA-C8-A12T,BRCA2,675,Missense_Mutation,E3177Q,20,42,0,111,GRCh37,13,32971062,32971062,BRCA2 E3177 missense
TCGA-C8-A1HO-01,TCGA-C8-A1HO,RAD51C,5889,Missense_Mutation,G113S,36,65,0,38,GRCh37,17,56772483,56772483,RAD51C G113 missense
TCGA-C8-A1HO-01,TCGA-C8-A1HO,RAD51C,5889,Missense_Mutation,M118I,27,54,0,32,GRCh37,17,56772500,56772500,RAD51C M118 missense
TCGA-C8-A1HO-01,TCGA-C8-A1HO,RAD51C,5889,Missense_Mutation,R74K,54,122,0,50,GRCh37,17,56772367,56772367,RAD51C R74 missense
TCGA-C8-A1HO-01,TCGA-C8-A1HO,RAD51C,5889,Missense_Mutation,E80K,51,127,0,53,GRCh37,17,56772384,56772384,RAD51C E80 missense
TCGA-C8-A26Y-01,TCGA-C8-A26Y,FANCA,2175,Missense_Mutation,D694Y,14,82,0,62,GRCh37,16,89838157,89838157,FANCA D694 missense
TCGA-C8-A26Y-01,TCGA-C8-A26Y,PALB2,79728,Missense_Mutation,D234N,11,79,0,44,GRCh37,16,23647167,23647167,PALB2 D234 missense
TCGA-C8-A278-01,TCGA-C8-A278,BRCA2,675,Missense_Mutation,N2019K,3,10,0,23,GRCh37,13,32914549,32914549,BRCA2 N2019 missense
TCGA-D8-A1J8-01,TCGA-D8-A1J8,MRE11,4361,Missense_Mutation,R503C,110,89,0,185,GRCh37,11,94189498,94189498,MRE11 R503 missense
TCGA-D8-A1J8-01,TCGA-D8-A1J8,RAD50,10111,Missense_Mutation,E362Q,27,74,0,49,GRCh37,5,131924411,131924411,RAD50 E362 missense
TCGA-D8-A1J8-01,TCGA-D8-A1J8,CHEK2,11200,Missense_Mutation,S379F,25,27,0,64,GRCh37,22,29091821,29091821,CHEK2 S379 missense
TCGA-D8-A1J9-01,TCGA-D8-A1J9,ATM,472,Missense_Mutation,E642K,30,12,0,65,GRCh37,11,108124566,108124566,ATM E642 missense
TCGA-D8-A1J9-01,TCGA-D8-A1J9,FANCA,2175,Missense_Mutation,R52L,28,21,0,72,GRCh37,16,89882319,89882319,FANCA R52 missense
TCGA-D8-A1JA-01,TCGA-D8-A1JA,BRIP1,83990,Missense_Mutation,L134V,39,58,0,109,GRCh37,17,59926597,59926597,BRIP1 L134 missense
TCGA-D8-A1JD-01,TCGA-D8-A1JD,RAD51C,5889,Missense_Mutation,P21A,6,55,0,48,GRCh37,17,56770065,56770065,RAD51C P21 missense
TCGA-D8-A1JP-01,TCGA-D8-A1JP,BRCA2,675,Frame_Shift_Del,L1965Ffs*39,11,21,0,43,GRCh37,13,32914385,32914385,BRCA2 truncating
TCGA-D8-A1XG-01,TCGA-D8-A1XG,NBN,4683,Splice_Region,X375_splice,11,120,0,118,GRCh37,8,90970950,90970950,
TCGA-D8-A1XL-01,TCGA-D8-A1XL,BRCA2,675,Frame_Shift_Del,E1646Kfs*24,15,9,0,11,GRCh37,13,32913428,32913428,BRCA2 truncating
TCGA-D8-A1Y0-01,TCGA-D8-A1Y0,RAD51C,5889,Missense_Mutation,D318E,14,44,0,85,GRCh37,17,56801450,56801450,RAD51C D318 missense
TCGA-D8-A1Y1-01,TCGA-D8-A1Y1,RAD50,10111,Missense_Mutation,V687F,12,58,0,45,GRCh37,5,131931354,131931354,RAD50 V687 missense
TCGA-D8-A27G-01,TCGA-D8-A27G,BRCA2,675,Missense_Mutation,E2175Q,10,30,0,38,GRCh37,13,32915015,32915015,BRCA2 E2175 missense
TCGA-D8-A27G-01,TCGA-D8-A27G,NBN,4683,Missense_Mutation,H540N,41,127,0,156,GRCh37,8,90965699,90965699,NBN H540 missense
TCGA-D8-A27M-01,TCGA-D8-A27M,BRCA1,672,In_Frame_Del,R1589_A1615del,5,55,0,44,GRCh37,17,41223086,41223166,
TCGA-D8-A27V-01,TCGA-D8-A27V,BRCA2,675,Frame_Shift_Del,K936Nfs*24,4,31,0,37,GRCh37,13,32911298,32911298,BRCA2 truncating
TCGA-E2-A10C-01,TCGA-E2-A10C,ATM,472,Missense_Mutation,D1693N,65,89,0,222,GRCh37,11,108170512,108170512,ATM D1693 missense
TCGA-E2-A14P-01,TCGA-E2-A14P,BRIP1,83990,In_Frame_Del,Q540_S542del,50,218,0,193,GRCh37,17,59861632,59861640,
TCGA-E2-A14W-01,TCGA-E2-A14W,BRCA2,675,Frame_Shift_Del,S599*,8,11,0,49,GRCh37,13,32907409,32907413,BRCA2 truncating
TCGA-E2-A1B5-01,TCGA-E2-A1B5,BRIP1,83990,Missense_Mutation,L717V,155,323,0,473,GRCh37,17,59821901,59821901,BRIP1 L717 missense
TCGA-E2-A1BD-01,TCGA-E2-A1BD,BRCA1,672,Missense_Mutation,D2E,12,92,0,182,GRCh37,17,41276108,41276108,BRCA1 D2 missense
TCGA-E2-A1IE-01,TCGA-E2-A1IE,ATM,472,Missense_Mutation,L2780R,34,28,0,76,GRCh37,11,108214019,108214019,ATM L2780 missense
TCGA-E2-A1L9-01,TCGA-E2-A1L9,BRCA1,672,Missense_Mutation,S1027I,18,64,0,117,GRCh37,17,41244468,41244468,BRCA1 S1027 missense
TCGA-E9-A1NC-01,TCGA-E9-A1NC,BRCA1,672,Nonsense_Mutation,Q139*,51,157,0,140,GRCh37,17,41256165,41256165,BRCA1 truncating
TCGA-E9-A1R2-01,TCGA-E9-A1R2,BRCA2,675,Frame_Shift_Del,V2151Ffs*17,5,16,0,30,GRCh37,13,32914938,32914938,BRCA2 truncating
TCGA-E9-A228-01,TCGA-E9-A228,BRIP1,83990,Missense_Mutation,A453T,25,44,0,37,GRCh37,17,59871074,59871074,BRIP1 A453 missense
TCGA-E9-A3HO-01,TCGA-E9-A3HO,BRCA2,675,Frame_Shift_Del,K437Ifs*22,14,10,0,18,GRCh37,13,32906916,32906919,BRCA2 truncating
TCGA-E9-A54Y-01,TCGA-E9-A54Y,BRCA2,675,Missense_Mutation,G2743D,3,23,0,38,GRCh37,13,32937567,32937567,BRCA2 G2743 missense
TCGA-EW-A1IX-01,TCGA-EW-A1IX,RAD51B,5890,Missense_Mutation,K63N,8,43,0,74,GRCh37,14,68292285,68292285,RAD51B K63 missense
TCGA-EW-A1J6-01,TCGA-EW-A1J6,ATM,472,Missense_Mutation,N2875S,37,20,0,108,GRCh37,11,108218045,108218045,ATM N2875 missense
TCGA-EW-A1PE-01,TCGA-EW-A1PE,BRCA2,675,Missense_Mutation,K1191N,8,25,0,39,GRCh37,13,32912065,32912065,BRCA2 K1191 missense
TCGA-EW-A1PE-01,TCGA-EW-A1PE,BRCA2,675,Missense_Mutation,E1158Q,10,23,0,36,GRCh37,13,32911964,32911964,BRCA2 E1158 missense
TCGA-EW-A2FR-01,TCGA-EW-A2FR,BRCA1,672,Missense_Mutation,D366N,16,68,0,70,GRCh37,17,41246452,41246452,BRCA1 D366 missense
TCGA-EW-A2FV-01,TCGA-EW-A2FV,ATM,472,Frame_Shift_Del,L210Wfs*20,17,183,0,93,GRCh37,11,108114808,108114808,ATM truncating
TCGA-EW-A2FV-01,TCGA-EW-A2FV,ATM,472,Frame_Shift_Del,K2303Rfs*7,12,125,0,141,GRCh37,11,108196880,108196880,ATM truncating
TCGA-EW-A2FV-01,TCGA-EW-A2FV,ATM,472,Frame_Shift_Del,F2908Lfs*30,16,154,0,112,GRCh37,11,108224542,108224542,ATM truncating
TCGA-EW-A2FV-01,TCGA-EW-A2FV,FANCA,2175,Frame_Shift_Del,K1413Rfs*20,9,102,0,69,GRCh37,16,89805312,89805312,FANCA truncating
TCGA-EW-A2FV-01,TCGA-EW-A2FV,RAD51B,5890,Frame_Shift_Del,L87Ffs*33,13,135,0,130,GRCh37,14,68301855,68301855,RAD51B truncating
TCGA-EW-A2FV-01,TCGA-EW-A2FV,RAD50,10111,Frame_Shift_Del,N998Mfs*4,5,56,0,69,GRCh37,5,131945043,131945043,RAD50 truncating
TCGA-EW-A2FV-01,TCGA-EW-A2FV,CHEK2,11200,Frame_Shift_Del,A453Qfs*16,13,146,0,141,GRCh37,22,29091133,29091133,CHEK2 truncating
TCGA-GM-A2D9-01,TCGA-GM-A2D9,BRCA1,672,Missense_Mutation,S915C,11,50,0,68,GRCh37,17,41244804,41244804,BRCA1 S915 missense
TCGA-GM-A2D9-01,TCGA-GM-A2D9,NBN,4683,Missense_Mutation,E610K,46,145,0,182,GRCh37,8,90965489,90965489,NBN E610 missense
TCGA-GM-A2DH-01,TCGA-GM-A2DH,ATM,472,Missense_Mutation,D1963Y,9,87,0,76,GRCh37,11,108181011,108181011,ATM D1963 missense
TCGA-GM-A2DH-01,TCGA-GM-A2DH,PALB2,79728,Missense_Mutation,G971R,18,127,0,139,GRCh37,16,23634375,23634375,PALB2 G971 missense
TCGA-GM-A5PV-01,TCGA-GM-A5PV,NBN,4683,Missense_Mutation,H540Y,30,61,0,52,GRCh37,8,90965699,90965699,NBN H540 missense
TCGA-LD-A74U-01,TCGA-LD-A74U,BRCA2,675,Missense_Mutation,E3167Q,10,29,0,63,GRCh37,13,32969068,32969068,BRCA2 E3167 missense
TCGA-LL-A5YN-01,TCGA-LL-A5YN,ATM,472,Frame_Shift_Ins,L663Ffs*42,7,43,0,47,GRCh37,11,108124625,108124626,ATM truncating
TCGA-LL-A5YP-01,TCGA-LL-A5YP,BRCA1,672,Missense_Mutation,D96H,4,4,0,20,GRCh37,17,41256900,41256900,BRCA1 D96 missense
TCGA-LL-A73Y-01,TCGA-LL-A73Y,BRCA2,675,Missense_Mutation,D596N,10,50,0,51,GRCh37,13,32907401,32907401,BRCA2 D596 missense
TCGA-LL-A8F5-01,TCGA-LL-A8F5,BRCA1,672,Nonsense_Mutation,Q1408*,88,24,0,93,GRCh37,17,41234556,41234556,BRCA1 truncating
TCGA-OL-A5D6-01,TCGA-OL-A5D6,PALB2,79728,Missense_Mutation,S201N,16,41,0,44,GRCh37,16,23647265,23647265,PALB2 S201 missense
TCGA-OL-A5RW-01,TCGA-OL-A5RW,ATM,472,Missense_Mutation,V716L,37,6,0,58,GRCh37,11,108126963,108126963,ATM V716 missense
TCGA-OL-A66K-01,TCGA-OL-A66K,CHEK2,11200,Missense_Mutation,D77H,11,17,0,39,GRCh37,22,29130481,29130481,CHEK2 D77 missense
TCGA-PE-A5DE-01,TCGA-PE-A5DE,BRCA1,672,Missense_Mutation,E1419K,12,67,0,70,GRCh37,17,41234523,41234523,BRCA1 E1419 missense
TCGA-S3-AA15-01,TCGA-S3-AA15,BRCA1,672,Nonsense_Mutation,E1329*,4,75,0,135,GRCh37,17,41243563,41243563,BRCA1 truncating
TCGA-S3-AA17-01,TCGA-S3-AA17,BRCA2,675,In_Frame_Del,F3090_N3099delinsY,26,71,0,80,GRCh37,13,32968838,32968864,
