patient_id,pair_id,sample_id,role,assay,data_type,library_layout,fastq_1,fastq_2,bam,bai,cram,crai,reference_id,reference_path,reference_fai_path,reference_dict_path,read_group_id,read_group_sample,read_group_library,read_group_platform,read_group_platform_unit,tumor_purity,tumor_content,normal_type,capture_bed,rna_fastq_1,rna_fastq_2,notes,caveat
DIANA,DIANA_RNA_immunoid,immunoid_RNA_E019_S01_pair03,rna_tumor,RNA,RNA_FASTQ,PAIRED,,,,,,,,,,,immunoid_RNA_E019_S01_pair03_rg1,RNA_E019_S01,DIANA_RNA_immunoid,ILLUMINA,pair03,,,,,data/raw/diana/data/immunoid/E019_S01/RNA_Pipeline/FASTQ/RNA_E019_S01_tumor_rna_reads1.fastq.gz,data/raw/diana/data/immunoid/E019_S01/RNA_Pipeline/FASTQ/RNA_E019_S01_tumor_rna_reads2.fastq.gz,source_dataset=immunoid; source_sample_id=RNA_E019_S01; source_vendor=Personalis; source_reference_build=hs37d5; source_notes=tumor RNA reads1; read length 150bp; source_sha256_r1=272c5f5f16ebfc1bde50f1b64d3c855cb328c5c60a2597d9769603cba0f9a3f5; source_sha256_r2=218b487fe5341842a6a353fe5f3c8a21e4c95c05508525670872247d8eba6a80,Mapped from a delivered object manifest; run strict file and checksum validation after local staging.
DIANA,DIANA_WES_immunoid,immunoid_DNA_E019_S05_Vial1_pair02,normal,WES,FASTQ,PAIRED,data/raw/diana/data/immunoid/E019_S01/DNA_Pipeline/FASTQ/DNA_E019_S05_Vial1_normal_dna_reads1.fastq.gz,data/raw/diana/data/immunoid/E019_S01/DNA_Pipeline/FASTQ/DNA_E019_S05_Vial1_normal_dna_reads2.fastq.gz,,,,,ucsc_hg38_analysis_set_full,data/raw/reference/full_reference_smoke/ucsc_hg38_analysis_set_full/ucsc_hg38_analysis_set_full.fa,data/raw/reference/full_reference_smoke/ucsc_hg38_analysis_set_full/ucsc_hg38_analysis_set_full.fa.fai,data/raw/reference/full_reference_smoke/ucsc_hg38_analysis_set_full/ucsc_hg38_analysis_set_full.dict,immunoid_DNA_E019_S05_Vial1_pair02_rg1,DNA_E019_S05_Vial1,DIANA_WES_immunoid,ILLUMINA,pair02,,,matched_normal,,,,source_dataset=immunoid; source_sample_id=DNA_E019_S05_Vial1; source_vendor=Personalis; source_reference_build=hs37d5; source_notes=matched normal DNA reads1; source_sha256_r1=bfb6a3ae899e3ddeabc7b553aca498e28f012db76515dc706c06ff6ded771f23; source_sha256_r2=1b6bb726438ed69b6d7deb621799012ddfe9b2e80bdcf6d514ce2490c9e2d89e,Mapped from a delivered object manifest; run strict file and checksum validation after local staging.
DIANA,DIANA_WES_immunoid,immunoid_DNA_E019_S01_pair01,tumor,WES,FASTQ,PAIRED,data/raw/diana/data/immunoid/E019_S01/DNA_Pipeline/FASTQ/DNA_E019_S01_tumor_dna_reads1.fastq.gz,data/raw/diana/data/immunoid/E019_S01/DNA_Pipeline/FASTQ/DNA_E019_S01_tumor_dna_reads2.fastq.gz,,,,,ucsc_hg38_analysis_set_full,data/raw/reference/full_reference_smoke/ucsc_hg38_analysis_set_full/ucsc_hg38_analysis_set_full.fa,data/raw/reference/full_reference_smoke/ucsc_hg38_analysis_set_full/ucsc_hg38_analysis_set_full.fa.fai,data/raw/reference/full_reference_smoke/ucsc_hg38_analysis_set_full/ucsc_hg38_analysis_set_full.dict,immunoid_DNA_E019_S01_pair01_rg1,DNA_E019_S01,DIANA_WES_immunoid,ILLUMINA,pair01,,,,,,,source_dataset=immunoid; source_sample_id=DNA_E019_S01; source_vendor=Personalis; source_reference_build=hs37d5; source_notes=tumor DNA reads1; source_sha256_r1=835afaafa9f7e61de1759c11540a59ef425cd28777bb767ef8545a35982c407c; source_sha256_r2=5d55b802bc312f6cf076011259f01ed13bc5acfa2be26c7c0112a7d81bfcabed,Mapped from a delivered object manifest; run strict file and checksum validation after local staging.
DIANA,DIANA_WGS_wgs,wgs_DRF_PSN49561_normal_L001,normal,WGS,FASTQ,PAIRED,data/raw/diana/data/wgs/DRF-PSN49561/Normal_DNA/DNA_DRF-PSN49561_WGS_CCAAGTCC-GCTTGTCA_L001_R1_001.fastq.gz,data/raw/diana/data/wgs/DRF-PSN49561/Normal_DNA/DNA_DRF-PSN49561_WGS_CCAAGTCC-GCTTGTCA_L001_R2_001.fastq.gz,,,,,ucsc_hg38_analysis_set_full,data/raw/reference/full_reference_smoke/ucsc_hg38_analysis_set_full/ucsc_hg38_analysis_set_full.fa,data/raw/reference/full_reference_smoke/ucsc_hg38_analysis_set_full/ucsc_hg38_analysis_set_full.fa.fai,data/raw/reference/full_reference_smoke/ucsc_hg38_analysis_set_full/ucsc_hg38_analysis_set_full.dict,wgs_DRF_PSN49561_normal_L001_rg1,DRF-PSN49561_normal,DIANA_WGS_wgs,ILLUMINA,001,,,matched_normal,,,,source_dataset=wgs; source_sample_id=DRF-PSN49561_normal; source_vendor=Personalis; source_reference_build=not_applicable; source_notes=lane L001 R1; source-side metadata not provided; source_sha256_r1=90173a190971ec3bb7cfbb39e2979d44aec969b9d92a857bbbc6fa49784fbcde; source_sha256_r2=c62531cee906b43b8dfaef24c59eddcfbb46bf54b32322bc9e8188c91c51093a,Mapped from a delivered object manifest; run strict file and checksum validation after local staging.
DIANA,DIANA_WGS_wgs,wgs_DRF_PSN49561_normal_L002,normal,WGS,FASTQ,PAIRED,data/raw/diana/data/wgs/DRF-PSN49561/Normal_DNA/DNA_DRF-PSN49561_WGS_CCAAGTCC-GCTTGTCA_L002_R1_001.fastq.gz,data/raw/diana/data/wgs/DRF-PSN49561/Normal_DNA/DNA_DRF-PSN49561_WGS_CCAAGTCC-GCTTGTCA_L002_R2_001.fastq.gz,,,,,ucsc_hg38_analysis_set_full,data/raw/reference/full_reference_smoke/ucsc_hg38_analysis_set_full/ucsc_hg38_analysis_set_full.fa,data/raw/reference/full_reference_smoke/ucsc_hg38_analysis_set_full/ucsc_hg38_analysis_set_full.fa.fai,data/raw/reference/full_reference_smoke/ucsc_hg38_analysis_set_full/ucsc_hg38_analysis_set_full.dict,wgs_DRF_PSN49561_normal_L002_rg1,DRF-PSN49561_normal,DIANA_WGS_wgs,ILLUMINA,002,,,matched_normal,,,,source_dataset=wgs; source_sample_id=DRF-PSN49561_normal; source_vendor=Personalis; source_reference_build=not_applicable; source_notes=lane L002 R1; source-side metadata not provided; source_sha256_r1=a4e99f5e89d2967f86211631025a0fbd1d33284df7f6ca4071bd43e013967606; source_sha256_r2=13d18663f404eb75fe9043d2be66de1be8069b1325c8a5aafb3b991d4b58ad7f,Mapped from a delivered object manifest; run strict file and checksum validation after local staging.
DIANA,DIANA_WGS_wgs,wgs_DRF_PSN49561_normal_L003,normal,WGS,FASTQ,PAIRED,data/raw/diana/data/wgs/DRF-PSN49561/Normal_DNA/DNA_DRF-PSN49561_WGS_CCAAGTCC-GCTTGTCA_L003_R1_001.fastq.gz,data/raw/diana/data/wgs/DRF-PSN49561/Normal_DNA/DNA_DRF-PSN49561_WGS_CCAAGTCC-GCTTGTCA_L003_R2_001.fastq.gz,,,,,ucsc_hg38_analysis_set_full,data/raw/reference/full_reference_smoke/ucsc_hg38_analysis_set_full/ucsc_hg38_analysis_set_full.fa,data/raw/reference/full_reference_smoke/ucsc_hg38_analysis_set_full/ucsc_hg38_analysis_set_full.fa.fai,data/raw/reference/full_reference_smoke/ucsc_hg38_analysis_set_full/ucsc_hg38_analysis_set_full.dict,wgs_DRF_PSN49561_normal_L003_rg1,DRF-PSN49561_normal,DIANA_WGS_wgs,ILLUMINA,003,,,matched_normal,,,,source_dataset=wgs; source_sample_id=DRF-PSN49561_normal; source_vendor=Personalis; source_reference_build=not_applicable; source_notes=lane L003 R1; source-side metadata not provided; source_sha256_r1=eb8720c2f550bd9bc46dd03d88429b1f8a1cf43ff4e1ee174fc4afd08166f53f; source_sha256_r2=f4cfdde6c8a3d4e9396755f955e747ac56f4f5a12566fd80480fbaebdd32b7a3,Mapped from a delivered object manifest; run strict file and checksum validation after local staging.
DIANA,DIANA_WGS_wgs,wgs_DRF_PSN49561_normal_L004,normal,WGS,FASTQ,PAIRED,data/raw/diana/data/wgs/DRF-PSN49561/Normal_DNA/DNA_DRF-PSN49561_WGS_CCAAGTCC-GCTTGTCA_L004_R1_001.fastq.gz,data/raw/diana/data/wgs/DRF-PSN49561/Normal_DNA/DNA_DRF-PSN49561_WGS_CCAAGTCC-GCTTGTCA_L004_R2_001.fastq.gz,,,,,ucsc_hg38_analysis_set_full,data/raw/reference/full_reference_smoke/ucsc_hg38_analysis_set_full/ucsc_hg38_analysis_set_full.fa,data/raw/reference/full_reference_smoke/ucsc_hg38_analysis_set_full/ucsc_hg38_analysis_set_full.fa.fai,data/raw/reference/full_reference_smoke/ucsc_hg38_analysis_set_full/ucsc_hg38_analysis_set_full.dict,wgs_DRF_PSN49561_normal_L004_rg1,DRF-PSN49561_normal,DIANA_WGS_wgs,ILLUMINA,004,,,matched_normal,,,,source_dataset=wgs; source_sample_id=DRF-PSN49561_normal; source_vendor=Personalis; source_reference_build=not_applicable; source_notes=lane L004 R1; source-side metadata not provided; source_sha256_r1=716d03c97eff36c1a536691330821ecc705539d33d47b2371c7e0bd298a52346; source_sha256_r2=8e397214016865f7cc2f62fd373e21c0cd11399deb84670cc24e5a58e6d26d2a,Mapped from a delivered object manifest; run strict file and checksum validation after local staging.
DIANA,DIANA_WGS_wgs,wgs_DRF_PSN49561_tumor_L005,tumor,WGS,FASTQ,PAIRED,data/raw/diana/data/wgs/DRF-PSN49561/Tumor_DNA/DNA_DRF-PSN49561_WGS_ACATGGAG-ATCGGTGT_L005_R1_001.fastq.gz,data/raw/diana/data/wgs/DRF-PSN49561/Tumor_DNA/DNA_DRF-PSN49561_WGS_ACATGGAG-ATCGGTGT_L005_R2_001.fastq.gz,,,,,ucsc_hg38_analysis_set_full,data/raw/reference/full_reference_smoke/ucsc_hg38_analysis_set_full/ucsc_hg38_analysis_set_full.fa,data/raw/reference/full_reference_smoke/ucsc_hg38_analysis_set_full/ucsc_hg38_analysis_set_full.fa.fai,data/raw/reference/full_reference_smoke/ucsc_hg38_analysis_set_full/ucsc_hg38_analysis_set_full.dict,wgs_DRF_PSN49561_tumor_L005_rg1,DRF-PSN49561_tumor,DIANA_WGS_wgs,ILLUMINA,005,,,,,,,source_dataset=wgs; source_sample_id=DRF-PSN49561_tumor; source_vendor=Personalis; source_reference_build=not_applicable; source_notes=lane L005 R1; source-side metadata not provided; source_sha256_r1=637242f5a7badd827f8bc110f8ae760ca4a750d9aecc5fe058458666e13182ae; source_sha256_r2=f8ecb5082a6a769f3397603c09548f815bb9d1d31dd238627d02a9b8851997e7,Mapped from a delivered object manifest; run strict file and checksum validation after local staging.
DIANA,DIANA_WGS_wgs,wgs_DRF_PSN49561_tumor_L006,tumor,WGS,FASTQ,PAIRED,data/raw/diana/data/wgs/DRF-PSN49561/Tumor_DNA/DNA_DRF-PSN49561_WGS_ACATGGAG-ATCGGTGT_L006_R1_001.fastq.gz,data/raw/diana/data/wgs/DRF-PSN49561/Tumor_DNA/DNA_DRF-PSN49561_WGS_ACATGGAG-ATCGGTGT_L006_R2_001.fastq.gz,,,,,ucsc_hg38_analysis_set_full,data/raw/reference/full_reference_smoke/ucsc_hg38_analysis_set_full/ucsc_hg38_analysis_set_full.fa,data/raw/reference/full_reference_smoke/ucsc_hg38_analysis_set_full/ucsc_hg38_analysis_set_full.fa.fai,data/raw/reference/full_reference_smoke/ucsc_hg38_analysis_set_full/ucsc_hg38_analysis_set_full.dict,wgs_DRF_PSN49561_tumor_L006_rg1,DRF-PSN49561_tumor,DIANA_WGS_wgs,ILLUMINA,006,,,,,,,source_dataset=wgs; source_sample_id=DRF-PSN49561_tumor; source_vendor=Personalis; source_reference_build=not_applicable; source_notes=lane L006 R1; source-side metadata not provided; source_sha256_r1=f975cc57393d6c963b3a066e81253a0f8d51c1d59b78c42711cf1a42a4353163; source_sha256_r2=3a32eaec3d98d752d1ece4719e4170d673572c9ab09b7f296ca8312c517eb95d,Mapped from a delivered object manifest; run strict file and checksum validation after local staging.
DIANA,DIANA_WGS_wgs,wgs_DRF_PSN49561_tumor_L007,tumor,WGS,FASTQ,PAIRED,data/raw/diana/data/wgs/DRF-PSN49561/Tumor_DNA/DNA_DRF-PSN49561_WGS_ACATGGAG-ATCGGTGT_L007_R1_001.fastq.gz,data/raw/diana/data/wgs/DRF-PSN49561/Tumor_DNA/DNA_DRF-PSN49561_WGS_ACATGGAG-ATCGGTGT_L007_R2_001.fastq.gz,,,,,ucsc_hg38_analysis_set_full,data/raw/reference/full_reference_smoke/ucsc_hg38_analysis_set_full/ucsc_hg38_analysis_set_full.fa,data/raw/reference/full_reference_smoke/ucsc_hg38_analysis_set_full/ucsc_hg38_analysis_set_full.fa.fai,data/raw/reference/full_reference_smoke/ucsc_hg38_analysis_set_full/ucsc_hg38_analysis_set_full.dict,wgs_DRF_PSN49561_tumor_L007_rg1,DRF-PSN49561_tumor,DIANA_WGS_wgs,ILLUMINA,007,,,,,,,source_dataset=wgs; source_sample_id=DRF-PSN49561_tumor; source_vendor=Personalis; source_reference_build=not_applicable; source_notes=lane L007 R1; source-side metadata not provided; source_sha256_r1=4169e989c307a27298cdd8003155ffd43dba145d5160cd90a064779592b36d49; source_sha256_r2=2a9e4fbbd59355720b90b7c49cffcaba71ed856ab57459b2ed3eeff75a9679d6,Mapped from a delivered object manifest; run strict file and checksum validation after local staging.
DIANA,DIANA_WGS_wgs,wgs_DRF_PSN49561_tumor_L008,tumor,WGS,FASTQ,PAIRED,data/raw/diana/data/wgs/DRF-PSN49561/Tumor_DNA/DNA_DRF-PSN49561_WGS_ACATGGAG-ATCGGTGT_L008_R1_001.fastq.gz,data/raw/diana/data/wgs/DRF-PSN49561/Tumor_DNA/DNA_DRF-PSN49561_WGS_ACATGGAG-ATCGGTGT_L008_R2_001.fastq.gz,,,,,ucsc_hg38_analysis_set_full,data/raw/reference/full_reference_smoke/ucsc_hg38_analysis_set_full/ucsc_hg38_analysis_set_full.fa,data/raw/reference/full_reference_smoke/ucsc_hg38_analysis_set_full/ucsc_hg38_analysis_set_full.fa.fai,data/raw/reference/full_reference_smoke/ucsc_hg38_analysis_set_full/ucsc_hg38_analysis_set_full.dict,wgs_DRF_PSN49561_tumor_L008_rg1,DRF-PSN49561_tumor,DIANA_WGS_wgs,ILLUMINA,008,,,,,,,source_dataset=wgs; source_sample_id=DRF-PSN49561_tumor; source_vendor=Personalis; source_reference_build=not_applicable; source_notes=lane L008 R1; source-side metadata not provided; source_sha256_r1=114f5012797937f20b7383d893036834b9a0f31ea8e9ede1934a6a9d85e9a513; source_sha256_r2=a4a05ab8d45014c0d74f57e662e3e19141e945911bd6fa98b00da31e4cbc80f9,Mapped from a delivered object manifest; run strict file and checksum validation after local staging.
