dataset,sample_id,role,assay,data_type,relative_path,size_bytes,sha256,reference_build,source_vendor,notes
immunoid,DNA_E019_S01,tumor,Personalis ImmunoID NeXT,FASTQ,data/immunoid/E019_S01/DNA_Pipeline/FASTQ/DNA_E019_S01_tumor_dna_reads1.fastq.gz,14125818782,835afaafa9f7e61de1759c11540a59ef425cd28777bb767ef8545a35982c407c,hs37d5,Personalis,tumor DNA reads1
immunoid,DNA_E019_S01,tumor,Personalis ImmunoID NeXT,FASTQ,data/immunoid/E019_S01/DNA_Pipeline/FASTQ/DNA_E019_S01_tumor_dna_reads2.fastq.gz,14161553272,5d55b802bc312f6cf076011259f01ed13bc5acfa2be26c7c0112a7d81bfcabed,hs37d5,Personalis,tumor DNA reads2
immunoid,DNA_E019_S05_Vial1,matched_normal,Personalis ImmunoID NeXT,FASTQ,data/immunoid/E019_S01/DNA_Pipeline/FASTQ/DNA_E019_S05_Vial1_normal_dna_reads1.fastq.gz,5489001990,bfb6a3ae899e3ddeabc7b553aca498e28f012db76515dc706c06ff6ded771f23,hs37d5,Personalis,matched normal DNA reads1
immunoid,DNA_E019_S05_Vial1,matched_normal,Personalis ImmunoID NeXT,FASTQ,data/immunoid/E019_S01/DNA_Pipeline/FASTQ/DNA_E019_S05_Vial1_normal_dna_reads2.fastq.gz,5497263623,1b6bb726438ed69b6d7deb621799012ddfe9b2e80bdcf6d514ce2490c9e2d89e,hs37d5,Personalis,matched normal DNA reads2
immunoid,DNA_E019_S01,tumor,Personalis ImmunoID NeXT,BAM,data/immunoid/E019_S01/DNA_Pipeline/Alignments/DNA_E019_S01_tumor_dna_aligned_recal.sorted.bam,44738172176,bea3d781b823cb0ad4955a08a4b6c2a2c62ef23234795961078cd2786b04909e,hs37d5,Personalis,recalibrated alignment; pipeline CORE_DNA_v1.14.1.1
immunoid,DNA_E019_S01,tumor,Personalis ImmunoID NeXT,BAI,data/immunoid/E019_S01/DNA_Pipeline/Alignments/DNA_E019_S01_tumor_dna_aligned_recal.sorted.bai,6226096,5efa9cefef497e6ea1d7dfb9c94e6e3777300ca98995c8b77cdabc0d61b3cc09,hs37d5,Personalis,recalibrated alignment; pipeline CORE_DNA_v1.14.1.1
immunoid,DNA_E019_S05_Vial1,matched_normal,Personalis ImmunoID NeXT,BAM,data/immunoid/E019_S01/DNA_Pipeline/Alignments/DNA_E019_S05_Vial1_normal_dna_aligned_recal.sorted.bam,21035825255,2671e13f4afaefdb9f38412a71fc6f88e428f83dbd52d8307997c9f48054263e,hs37d5,Personalis,recalibrated alignment; pipeline CORE_DNA_v1.14.1.1
immunoid,DNA_E019_S05_Vial1,matched_normal,Personalis ImmunoID NeXT,BAI,data/immunoid/E019_S01/DNA_Pipeline/Alignments/DNA_E019_S05_Vial1_normal_dna_aligned_recal.sorted.bai,4547768,787d65f585cf7fa9227fca8edb7a1d3f813e104fa9a333ae421e46a034eff1af,hs37d5,Personalis,recalibrated alignment; pipeline CORE_DNA_v1.14.1.1
immunoid,RNA_E019_S01,tumor,Personalis ImmunoID NeXT,FASTQ,data/immunoid/E019_S01/RNA_Pipeline/FASTQ/RNA_E019_S01_tumor_rna_reads1.fastq.gz,9465843803,272c5f5f16ebfc1bde50f1b64d3c855cb328c5c60a2597d9769603cba0f9a3f5,hs37d5,Personalis,tumor RNA reads1; read length 150bp
immunoid,RNA_E019_S01,tumor,Personalis ImmunoID NeXT,FASTQ,data/immunoid/E019_S01/RNA_Pipeline/FASTQ/RNA_E019_S01_tumor_rna_reads2.fastq.gz,9630262591,218b487fe5341842a6a353fe5f3c8a21e4c95c05508525670872247d8eba6a80,hs37d5,Personalis,tumor RNA reads2; read length 150bp
immunoid,RNA_E019_S01,tumor,Personalis ImmunoID NeXT,BAM,data/immunoid/E019_S01/RNA_Pipeline/Alignments/RNA_E019_S01_tumor_rna_aligned.recal.sorted.bam,24905892448,cbca1be437a294b07f2d2fe5ead19cb737eb0592abfc0984c829994ce933e7e2,hs37d5,Personalis,recalibrated RNA alignment; pipeline CAN_RNA_v2.13.2
immunoid,RNA_E019_S01,tumor,Personalis ImmunoID NeXT,BAI,data/immunoid/E019_S01/RNA_Pipeline/Alignments/RNA_E019_S01_tumor_rna_aligned.recal.sorted.bam.bai,3411312,309aa3eaa3240e98a56b572dca485b36db04ba2b4e02c4ce2a484da574cc57c4,hs37d5,Personalis,recalibrated RNA alignment; pipeline CAN_RNA_v2.13.2
immunoid,RNA_E019_S01,tumor,Personalis ImmunoID NeXT,BAM,data/immunoid/E019_S01/RNA_Pipeline/Alignments/RNA_E019_S01_tumor_rna_aligned.sorted.bam,9769769184,422326debfd42ba0639898d646a5961aa780b954a2de08a7f184d28ed84e4b95,hs37d5,Personalis,non-recalibrated RNA alignment (pre-BQSR); pipeline CAN_RNA_v2.13.2
immunoid,RNA_E019_S01,tumor,Personalis ImmunoID NeXT,BAI,data/immunoid/E019_S01/RNA_Pipeline/Alignments/RNA_E019_S01_tumor_rna_aligned.sorted.bam.bai,12571960,7cae2b1fd89b1b5657c08213fe801b1f63b132a01a71cfa6bd844e2b9db884b4,hs37d5,Personalis,non-recalibrated RNA alignment (pre-BQSR); pipeline CAN_RNA_v2.13.2
wgs,DRF-PSN49561_normal,matched_normal,Personalis WGS,FASTQ,data/wgs/DRF-PSN49561/Normal_DNA/DNA_DRF-PSN49561_WGS_CCAAGTCC-GCTTGTCA_L001_R1_001.fastq.gz,10986711160,90173a190971ec3bb7cfbb39e2979d44aec969b9d92a857bbbc6fa49784fbcde,not_applicable,Personalis,lane L001 R1; source-side metadata not provided
wgs,DRF-PSN49561_normal,matched_normal,Personalis WGS,FASTQ,data/wgs/DRF-PSN49561/Normal_DNA/DNA_DRF-PSN49561_WGS_CCAAGTCC-GCTTGTCA_L001_R2_001.fastq.gz,10956626048,c62531cee906b43b8dfaef24c59eddcfbb46bf54b32322bc9e8188c91c51093a,not_applicable,Personalis,lane L001 R2; source-side metadata not provided
wgs,DRF-PSN49561_normal,matched_normal,Personalis WGS,FASTQ,data/wgs/DRF-PSN49561/Normal_DNA/DNA_DRF-PSN49561_WGS_CCAAGTCC-GCTTGTCA_L002_R1_001.fastq.gz,11393649103,a4e99f5e89d2967f86211631025a0fbd1d33284df7f6ca4071bd43e013967606,not_applicable,Personalis,lane L002 R1; source-side metadata not provided
wgs,DRF-PSN49561_normal,matched_normal,Personalis WGS,FASTQ,data/wgs/DRF-PSN49561/Normal_DNA/DNA_DRF-PSN49561_WGS_CCAAGTCC-GCTTGTCA_L002_R2_001.fastq.gz,11383477331,13d18663f404eb75fe9043d2be66de1be8069b1325c8a5aafb3b991d4b58ad7f,not_applicable,Personalis,lane L002 R2; source-side metadata not provided
wgs,DRF-PSN49561_normal,matched_normal,Personalis WGS,FASTQ,data/wgs/DRF-PSN49561/Normal_DNA/DNA_DRF-PSN49561_WGS_CCAAGTCC-GCTTGTCA_L003_R1_001.fastq.gz,11361163700,eb8720c2f550bd9bc46dd03d88429b1f8a1cf43ff4e1ee174fc4afd08166f53f,not_applicable,Personalis,lane L003 R1; source-side metadata not provided
wgs,DRF-PSN49561_normal,matched_normal,Personalis WGS,FASTQ,data/wgs/DRF-PSN49561/Normal_DNA/DNA_DRF-PSN49561_WGS_CCAAGTCC-GCTTGTCA_L003_R2_001.fastq.gz,11332359718,f4cfdde6c8a3d4e9396755f955e747ac56f4f5a12566fd80480fbaebdd32b7a3,not_applicable,Personalis,lane L003 R2; source-side metadata not provided
wgs,DRF-PSN49561_normal,matched_normal,Personalis WGS,FASTQ,data/wgs/DRF-PSN49561/Normal_DNA/DNA_DRF-PSN49561_WGS_CCAAGTCC-GCTTGTCA_L004_R1_001.fastq.gz,11461351417,716d03c97eff36c1a536691330821ecc705539d33d47b2371c7e0bd298a52346,not_applicable,Personalis,lane L004 R1; source-side metadata not provided
wgs,DRF-PSN49561_normal,matched_normal,Personalis WGS,FASTQ,data/wgs/DRF-PSN49561/Normal_DNA/DNA_DRF-PSN49561_WGS_CCAAGTCC-GCTTGTCA_L004_R2_001.fastq.gz,11423246599,8e397214016865f7cc2f62fd373e21c0cd11399deb84670cc24e5a58e6d26d2a,not_applicable,Personalis,lane L004 R2; source-side metadata not provided
wgs,DRF-PSN49561_tumor,tumor,Personalis WGS,FASTQ,data/wgs/DRF-PSN49561/Tumor_DNA/DNA_DRF-PSN49561_WGS_ACATGGAG-ATCGGTGT_L005_R1_001.fastq.gz,9846846494,637242f5a7badd827f8bc110f8ae760ca4a750d9aecc5fe058458666e13182ae,not_applicable,Personalis,lane L005 R1; source-side metadata not provided
wgs,DRF-PSN49561_tumor,tumor,Personalis WGS,FASTQ,data/wgs/DRF-PSN49561/Tumor_DNA/DNA_DRF-PSN49561_WGS_ACATGGAG-ATCGGTGT_L005_R2_001.fastq.gz,9849481480,f8ecb5082a6a769f3397603c09548f815bb9d1d31dd238627d02a9b8851997e7,not_applicable,Personalis,lane L005 R2; source-side metadata not provided
wgs,DRF-PSN49561_tumor,tumor,Personalis WGS,FASTQ,data/wgs/DRF-PSN49561/Tumor_DNA/DNA_DRF-PSN49561_WGS_ACATGGAG-ATCGGTGT_L006_R1_001.fastq.gz,9815050167,f975cc57393d6c963b3a066e81253a0f8d51c1d59b78c42711cf1a42a4353163,not_applicable,Personalis,lane L006 R1; source-side metadata not provided
wgs,DRF-PSN49561_tumor,tumor,Personalis WGS,FASTQ,data/wgs/DRF-PSN49561/Tumor_DNA/DNA_DRF-PSN49561_WGS_ACATGGAG-ATCGGTGT_L006_R2_001.fastq.gz,9823058970,3a32eaec3d98d752d1ece4719e4170d673572c9ab09b7f296ca8312c517eb95d,not_applicable,Personalis,lane L006 R2; source-side metadata not provided
wgs,DRF-PSN49561_tumor,tumor,Personalis WGS,FASTQ,data/wgs/DRF-PSN49561/Tumor_DNA/DNA_DRF-PSN49561_WGS_ACATGGAG-ATCGGTGT_L007_R1_001.fastq.gz,9826977728,4169e989c307a27298cdd8003155ffd43dba145d5160cd90a064779592b36d49,not_applicable,Personalis,lane L007 R1; source-side metadata not provided
wgs,DRF-PSN49561_tumor,tumor,Personalis WGS,FASTQ,data/wgs/DRF-PSN49561/Tumor_DNA/DNA_DRF-PSN49561_WGS_ACATGGAG-ATCGGTGT_L007_R2_001.fastq.gz,9836559142,2a9e4fbbd59355720b90b7c49cffcaba71ed856ab57459b2ed3eeff75a9679d6,not_applicable,Personalis,lane L007 R2; source-side metadata not provided
wgs,DRF-PSN49561_tumor,tumor,Personalis WGS,FASTQ,data/wgs/DRF-PSN49561/Tumor_DNA/DNA_DRF-PSN49561_WGS_ACATGGAG-ATCGGTGT_L008_R1_001.fastq.gz,9726283974,114f5012797937f20b7383d893036834b9a0f31ea8e9ede1934a6a9d85e9a513,not_applicable,Personalis,lane L008 R1; source-side metadata not provided
wgs,DRF-PSN49561_tumor,tumor,Personalis WGS,FASTQ,data/wgs/DRF-PSN49561/Tumor_DNA/DNA_DRF-PSN49561_WGS_ACATGGAG-ATCGGTGT_L008_R2_001.fastq.gz,9746795842,a4a05ab8d45014c0d74f57e662e3e19141e945911bd6fa98b00da31e4cbc80f9,not_applicable,Personalis,lane L008 R2; source-side metadata not provided
