sample_id,patient_id,panel_category,expected_hrd_label,label_strength,label_source,primary_event_gene,primary_event,primary_event_class,copy_number_context,second_hit_proxy,fraction_genome_altered,aneuploidy_score,mutation_count,tmb_nonsynonymous,cbioportal_subtype,caveat
TCGA-3C-AALI-01,TCGA-3C-AALI,ambiguous_control,expected_ambiguous,event_without_complete_support,cBioPortal TCGA-BRCA PanCancer Atlas processed mutation/CNA/sample clinical data,CHEK2,CHEK2 Q69*,likely_damaging,gain,copy_loss_proxy_absent,0.7164,22,459,15.26666667,BRCA_Her2,HRR alteration exists but phase-1 processed data does not prove functional HRD.
TCGA-A1-A0SO-01,TCGA-A1-A0SO,ambiguous_control,expected_ambiguous,event_without_complete_support,cBioPortal TCGA-BRCA PanCancer Atlas processed mutation/CNA/sample clinical data,BRCA1,BRCA1 X27_splice,likely_damaging,gain,copy_loss_proxy_absent,0.77,,271,9.066666667,BRCA_Basal,HRR alteration exists but phase-1 processed data does not prove functional HRD.
TCGA-A2-A0T0-01,TCGA-A2-A0T0,ambiguous_control,expected_ambiguous,event_without_complete_support,cBioPortal TCGA-BRCA PanCancer Atlas processed mutation/CNA/sample clinical data,BRCA2,BRCA2 L2926*,likely_damaging,neutral,copy_loss_proxy_absent,0.4533,4,168,5.566666667,BRCA_Basal,HRR alteration exists but phase-1 processed data does not prove functional HRD.
TCGA-A7-A26H-01,TCGA-A7-A26H,ambiguous_control,expected_ambiguous,event_without_complete_support,cBioPortal TCGA-BRCA PanCancer Atlas processed mutation/CNA/sample clinical data,BRCA1,BRCA1 T688Vfs*12,likely_damaging,gain,copy_loss_proxy_absent,0.2219,8,109,3.666666667,BRCA_LumA,HRR alteration exists but phase-1 processed data does not prove functional HRD.
TCGA-A8-A085-01,TCGA-A8-A085,ambiguous_control,expected_ambiguous,event_without_complete_support,cBioPortal TCGA-BRCA PanCancer Atlas processed mutation/CNA/sample clinical data,BRCA2,BRCA2 E260Sfs*15,likely_damaging,shallow_loss,copy_loss_proxy_present,0.2398,4,61,2,,HRR alteration exists but phase-1 processed data does not prove functional HRD.
TCGA-B6-A0X1-01,TCGA-B6-A0X1,ambiguous_control,expected_ambiguous,event_without_complete_support,cBioPortal TCGA-BRCA PanCancer Atlas processed mutation/CNA/sample clinical data,BRCA1,BRCA1 E23Sfs*8,likely_damaging,gain,copy_loss_proxy_absent,0.8331,13,66,2.266666667,BRCA_Basal,HRR alteration exists but phase-1 processed data does not prove functional HRD.
TCGA-D8-A1XL-01,TCGA-D8-A1XL,ambiguous_control,expected_ambiguous,event_without_complete_support,cBioPortal TCGA-BRCA PanCancer Atlas processed mutation/CNA/sample clinical data,BRCA2,BRCA2 E1646Kfs*24,likely_damaging,neutral,copy_loss_proxy_absent,0.5466,17,92,3.1,BRCA_LumB,HRR alteration exists but phase-1 processed data does not prove functional HRD.
TCGA-LL-A8F5-01,TCGA-LL-A8F5,ambiguous_control,expected_ambiguous,event_without_complete_support,cBioPortal TCGA-BRCA PanCancer Atlas processed mutation/CNA/sample clinical data,BRCA1,BRCA1 Q1408*,likely_damaging,gain,copy_loss_proxy_absent,0.6392,17,131,4.433333333,BRCA_Basal,HRR alteration exists but phase-1 processed data does not prove functional HRD.
TCGA-A8-A06R-01,TCGA-A8-A06R,mechanistic_control,expected_hrd_like_mechanistic,processed_public_mechanistic_candidate,cBioPortal TCGA-BRCA PanCancer Atlas processed mutation/CNA/sample clinical data,BRIP1,BRIP1 X700_splice,likely_damaging,shallow_loss,copy_loss_proxy_present,0.5927,20,58,1.933333333,BRCA_LumB,Damaging non-BRCA HRR event plus copy-loss proxy and elevated fraction genome altered; mechanism is less direct than BRCA1/2.
TCGA-AO-A129-01,TCGA-AO-A129,mechanistic_control,expected_hrd_like_mechanistic,processed_public_mechanistic_candidate,cBioPortal TCGA-BRCA PanCancer Atlas processed mutation/CNA/sample clinical data,ATM,ATM Y137Tfs*16,likely_damaging,shallow_loss,copy_loss_proxy_present,0.3991,9,109,3.666666667,BRCA_Basal,Damaging non-BRCA HRR event plus copy-loss proxy and elevated fraction genome altered; mechanism is less direct than BRCA1/2.
TCGA-AR-A255-01,TCGA-AR-A255,mechanistic_control,expected_hrd_like_mechanistic,processed_public_mechanistic_candidate,cBioPortal TCGA-BRCA PanCancer Atlas processed mutation/CNA/sample clinical data,ATM,ATM Q2269*,likely_damaging,shallow_loss,copy_loss_proxy_present,0.6568,25,67,2.233333333,BRCA_LumA,Damaging non-BRCA HRR event plus copy-loss proxy and elevated fraction genome altered; mechanism is less direct than BRCA1/2.
TCGA-BH-A203-01,TCGA-BH-A203,mechanistic_control,expected_hrd_like_mechanistic,processed_public_mechanistic_candidate,cBioPortal TCGA-BRCA PanCancer Atlas processed mutation/CNA/sample clinical data,PALB2,PALB2 Q1146*,likely_damaging,shallow_loss,copy_loss_proxy_present,0.3623,15,61,2.033333333,BRCA_Her2,Damaging non-BRCA HRR event plus copy-loss proxy and elevated fraction genome altered; mechanism is less direct than BRCA1/2.
TCGA-A2-A0EP-01,TCGA-A2-A0EP,negative_control,expected_hrd_negative,processed_public_negative_candidate,cBioPortal TCGA-BRCA PanCancer Atlas processed mutation/CNA/sample clinical data,,none,none,BRCA1=neutral; BRCA2=neutral,no_causal_event,0,,9,0.3,BRCA_LumA,"No fetched HRR mutation, neutral BRCA1/2 GISTIC calls, low fraction genome altered, and modest mutation count in processed public data."
TCGA-AC-A2FK-01,TCGA-AC-A2FK,negative_control,expected_hrd_negative,processed_public_negative_candidate,cBioPortal TCGA-BRCA PanCancer Atlas processed mutation/CNA/sample clinical data,,none,none,BRCA1=neutral; BRCA2=neutral,no_causal_event,0,0,1,0.033333333,BRCA_Normal,"No fetched HRR mutation, neutral BRCA1/2 GISTIC calls, low fraction genome altered, and modest mutation count in processed public data."
TCGA-AO-A12H-01,TCGA-AO-A12H,negative_control,expected_hrd_negative,processed_public_negative_candidate,cBioPortal TCGA-BRCA PanCancer Atlas processed mutation/CNA/sample clinical data,,none,none,BRCA1=neutral; BRCA2=neutral,no_causal_event,0,0,21,0.7,BRCA_LumA,"No fetched HRR mutation, neutral BRCA1/2 GISTIC calls, low fraction genome altered, and modest mutation count in processed public data."
TCGA-AO-A1KO-01,TCGA-AO-A1KO,negative_control,expected_hrd_negative,processed_public_negative_candidate,cBioPortal TCGA-BRCA PanCancer Atlas processed mutation/CNA/sample clinical data,,none,none,BRCA1=neutral; BRCA2=neutral,no_causal_event,0,,5,0.166666667,BRCA_Normal,"No fetched HRR mutation, neutral BRCA1/2 GISTIC calls, low fraction genome altered, and modest mutation count in processed public data."
TCGA-AR-A2LH-01,TCGA-AR-A2LH,negative_control,expected_hrd_negative,processed_public_negative_candidate,cBioPortal TCGA-BRCA PanCancer Atlas processed mutation/CNA/sample clinical data,,none,none,BRCA1=neutral; BRCA2=neutral,no_causal_event,0,3,59,2,BRCA_Normal,"No fetched HRR mutation, neutral BRCA1/2 GISTIC calls, low fraction genome altered, and modest mutation count in processed public data."
TCGA-AR-A2LQ-01,TCGA-AR-A2LQ,negative_control,expected_hrd_negative,processed_public_negative_candidate,cBioPortal TCGA-BRCA PanCancer Atlas processed mutation/CNA/sample clinical data,,none,none,BRCA1=neutral; BRCA2=neutral,no_causal_event,0,1,10,0.333333333,BRCA_Normal,"No fetched HRR mutation, neutral BRCA1/2 GISTIC calls, low fraction genome altered, and modest mutation count in processed public data."
TCGA-BH-A42U-01,TCGA-BH-A42U,negative_control,expected_hrd_negative,processed_public_negative_candidate,cBioPortal TCGA-BRCA PanCancer Atlas processed mutation/CNA/sample clinical data,,none,none,BRCA1=neutral; BRCA2=neutral,no_causal_event,0,,18,0.633333333,BRCA_Normal,"No fetched HRR mutation, neutral BRCA1/2 GISTIC calls, low fraction genome altered, and modest mutation count in processed public data."
TCGA-E2-A1IK-01,TCGA-E2-A1IK,negative_control,expected_hrd_negative,processed_public_negative_candidate,cBioPortal TCGA-BRCA PanCancer Atlas processed mutation/CNA/sample clinical data,,none,none,BRCA1=neutral; BRCA2=neutral,no_causal_event,0,0,16,0.5,BRCA_LumA,"No fetched HRR mutation, neutral BRCA1/2 GISTIC calls, low fraction genome altered, and modest mutation count in processed public data."
TCGA-A2-A25B-01,TCGA-A2-A25B,positive_control,expected_hrd_like,processed_public_positive_candidate,cBioPortal TCGA-BRCA PanCancer Atlas processed mutation/CNA/sample clinical data,BRCA1,BRCA1 E720*,likely_damaging,shallow_loss,copy_loss_proxy_present,0.4302,,98,3.266666667,BRCA_LumB,Damaging BRCA1/2 event plus GISTIC copy-loss proxy and high fraction genome altered; not a WGS signature truth label.
TCGA-A7-A6VW-01,TCGA-A7-A6VW,positive_control,expected_hrd_like,processed_public_positive_candidate,cBioPortal TCGA-BRCA PanCancer Atlas processed mutation/CNA/sample clinical data,BRCA1,BRCA1 C903Wfs*97,likely_damaging,shallow_loss,copy_loss_proxy_present,0.5937,13,56,1.866666667,BRCA_Basal,Damaging BRCA1/2 event plus GISTIC copy-loss proxy and high fraction genome altered; not a WGS signature truth label.
TCGA-A8-A06X-01,TCGA-A8-A06X,positive_control,expected_hrd_like,processed_public_positive_candidate,cBioPortal TCGA-BRCA PanCancer Atlas processed mutation/CNA/sample clinical data,BRCA1,BRCA1 E272*,likely_damaging,shallow_loss,copy_loss_proxy_present,0.6033,11,186,6.166666667,BRCA_LumB,Damaging BRCA1/2 event plus GISTIC copy-loss proxy and high fraction genome altered; not a WGS signature truth label.
TCGA-A8-A08L-01,TCGA-A8-A08L,positive_control,expected_hrd_like,processed_public_positive_candidate,cBioPortal TCGA-BRCA PanCancer Atlas processed mutation/CNA/sample clinical data,BRCA2,BRCA2 X2602_splice,likely_damaging,shallow_loss,copy_loss_proxy_present,0.5383,9,195,6.533333333,BRCA_Her2,Damaging BRCA1/2 event plus GISTIC copy-loss proxy and high fraction genome altered; not a WGS signature truth label.
TCGA-AR-A0U4-01,TCGA-AR-A0U4,positive_control,expected_hrd_like,processed_public_positive_candidate,cBioPortal TCGA-BRCA PanCancer Atlas processed mutation/CNA/sample clinical data,BRCA1,BRCA1 N1121Kfs*12,likely_damaging,shallow_loss,copy_loss_proxy_present,0.4452,11,145,4.833333333,BRCA_Basal,Damaging BRCA1/2 event plus GISTIC copy-loss proxy and high fraction genome altered; not a WGS signature truth label.
TCGA-BH-A0WA-01,TCGA-BH-A0WA,positive_control,expected_hrd_like,processed_public_positive_candidate,cBioPortal TCGA-BRCA PanCancer Atlas processed mutation/CNA/sample clinical data,BRCA1,BRCA1 X1559_splice,likely_damaging,shallow_loss,copy_loss_proxy_present,0.606,13,90,2.966666667,BRCA_Basal,Damaging BRCA1/2 event plus GISTIC copy-loss proxy and high fraction genome altered; not a WGS signature truth label.
TCGA-D8-A1JP-01,TCGA-D8-A1JP,positive_control,expected_hrd_like,processed_public_positive_candidate,cBioPortal TCGA-BRCA PanCancer Atlas processed mutation/CNA/sample clinical data,BRCA2,BRCA2 L1965Ffs*39,likely_damaging,shallow_loss,copy_loss_proxy_present,0.4267,4,98,3.366666667,BRCA_LumA,Damaging BRCA1/2 event plus GISTIC copy-loss proxy and high fraction genome altered; not a WGS signature truth label.
TCGA-E9-A1NC-01,TCGA-E9-A1NC,positive_control,expected_hrd_like,processed_public_positive_candidate,cBioPortal TCGA-BRCA PanCancer Atlas processed mutation/CNA/sample clinical data,BRCA1,BRCA1 Q139*,likely_damaging,shallow_loss,copy_loss_proxy_present,0.423,5,65,2.2,BRCA_Basal,Damaging BRCA1/2 event plus GISTIC copy-loss proxy and high fraction genome altered; not a WGS signature truth label.
