sample_id,source,tool,tool_version,gene,causal_event_class,gistic_value,copy_number_state,second_hit_status,confidence,caveat
TCGA-3C-AALI-01,cBioPortal TCGA-BRCA PanCancer Atlas,GISTIC discrete CNA plus processed WES mutation profile,study import 2026-06-05,CHEK2,likely_damaging,1,gain,second_hit_not_proven,incomplete,GISTIC is not allele-specific purity/ploidy; LOH and biallelic status require FACETS/ASCAT/PURPLE-style evidence.
TCGA-3C-AALI-01,cBioPortal TCGA-BRCA PanCancer Atlas,GISTIC discrete CNA plus processed WES mutation profile,study import 2026-06-05,PALB2,missense_or_vus,0,neutral,second_hit_not_proven,incomplete,GISTIC is not allele-specific purity/ploidy; LOH and biallelic status require FACETS/ASCAT/PURPLE-style evidence.
TCGA-A1-A0SO-01,cBioPortal TCGA-BRCA PanCancer Atlas,GISTIC discrete CNA plus processed WES mutation profile,study import 2026-06-05,BRCA1,likely_damaging,1,gain,second_hit_not_proven,incomplete,GISTIC is not allele-specific purity/ploidy; LOH and biallelic status require FACETS/ASCAT/PURPLE-style evidence.
TCGA-A2-A0T0-01,cBioPortal TCGA-BRCA PanCancer Atlas,GISTIC discrete CNA plus processed WES mutation profile,study import 2026-06-05,BRCA2,likely_damaging,0,neutral,second_hit_not_proven,incomplete,GISTIC is not allele-specific purity/ploidy; LOH and biallelic status require FACETS/ASCAT/PURPLE-style evidence.
TCGA-A7-A26H-01,cBioPortal TCGA-BRCA PanCancer Atlas,GISTIC discrete CNA plus processed WES mutation profile,study import 2026-06-05,BRCA1,likely_damaging,1,gain,second_hit_not_proven,incomplete,GISTIC is not allele-specific purity/ploidy; LOH and biallelic status require FACETS/ASCAT/PURPLE-style evidence.
TCGA-A8-A085-01,cBioPortal TCGA-BRCA PanCancer Atlas,GISTIC discrete CNA plus processed WES mutation profile,study import 2026-06-05,BRCA2,likely_damaging,-1,shallow_loss,copy_loss_proxy_supports_second_hit,proxy_support,GISTIC is not allele-specific purity/ploidy; LOH and biallelic status require FACETS/ASCAT/PURPLE-style evidence.
TCGA-B6-A0X1-01,cBioPortal TCGA-BRCA PanCancer Atlas,GISTIC discrete CNA plus processed WES mutation profile,study import 2026-06-05,BRCA1,likely_damaging,1,gain,second_hit_not_proven,incomplete,GISTIC is not allele-specific purity/ploidy; LOH and biallelic status require FACETS/ASCAT/PURPLE-style evidence.
TCGA-D8-A1XL-01,cBioPortal TCGA-BRCA PanCancer Atlas,GISTIC discrete CNA plus processed WES mutation profile,study import 2026-06-05,BRCA2,likely_damaging,0,neutral,second_hit_not_proven,incomplete,GISTIC is not allele-specific purity/ploidy; LOH and biallelic status require FACETS/ASCAT/PURPLE-style evidence.
TCGA-LL-A8F5-01,cBioPortal TCGA-BRCA PanCancer Atlas,GISTIC discrete CNA plus processed WES mutation profile,study import 2026-06-05,BRCA1,likely_damaging,1,gain,second_hit_not_proven,incomplete,GISTIC is not allele-specific purity/ploidy; LOH and biallelic status require FACETS/ASCAT/PURPLE-style evidence.
TCGA-A8-A06R-01,cBioPortal TCGA-BRCA PanCancer Atlas,GISTIC discrete CNA plus processed WES mutation profile,study import 2026-06-05,BRIP1,likely_damaging,-1,shallow_loss,copy_loss_proxy_supports_second_hit,proxy_support,GISTIC is not allele-specific purity/ploidy; LOH and biallelic status require FACETS/ASCAT/PURPLE-style evidence.
TCGA-AO-A129-01,cBioPortal TCGA-BRCA PanCancer Atlas,GISTIC discrete CNA plus processed WES mutation profile,study import 2026-06-05,ATM,likely_damaging,-1,shallow_loss,copy_loss_proxy_supports_second_hit,proxy_support,GISTIC is not allele-specific purity/ploidy; LOH and biallelic status require FACETS/ASCAT/PURPLE-style evidence.
TCGA-AR-A255-01,cBioPortal TCGA-BRCA PanCancer Atlas,GISTIC discrete CNA plus processed WES mutation profile,study import 2026-06-05,ATM,likely_damaging,-1,shallow_loss,copy_loss_proxy_supports_second_hit,proxy_support,GISTIC is not allele-specific purity/ploidy; LOH and biallelic status require FACETS/ASCAT/PURPLE-style evidence.
TCGA-BH-A203-01,cBioPortal TCGA-BRCA PanCancer Atlas,GISTIC discrete CNA plus processed WES mutation profile,study import 2026-06-05,PALB2,likely_damaging,-1,shallow_loss,copy_loss_proxy_supports_second_hit,proxy_support,GISTIC is not allele-specific purity/ploidy; LOH and biallelic status require FACETS/ASCAT/PURPLE-style evidence.
TCGA-A2-A0EP-01,cBioPortal TCGA-BRCA PanCancer Atlas,GISTIC discrete CNA plus processed WES mutation profile,study import 2026-06-05,BRCA1/BRCA2,none,,not_available,no_causal_event_to_assess,incomplete,GISTIC is not allele-specific purity/ploidy; LOH and biallelic status require FACETS/ASCAT/PURPLE-style evidence.
TCGA-AC-A2FK-01,cBioPortal TCGA-BRCA PanCancer Atlas,GISTIC discrete CNA plus processed WES mutation profile,study import 2026-06-05,BRCA1/BRCA2,none,,not_available,no_causal_event_to_assess,incomplete,GISTIC is not allele-specific purity/ploidy; LOH and biallelic status require FACETS/ASCAT/PURPLE-style evidence.
TCGA-AO-A12H-01,cBioPortal TCGA-BRCA PanCancer Atlas,GISTIC discrete CNA plus processed WES mutation profile,study import 2026-06-05,BRCA1/BRCA2,none,,not_available,no_causal_event_to_assess,incomplete,GISTIC is not allele-specific purity/ploidy; LOH and biallelic status require FACETS/ASCAT/PURPLE-style evidence.
TCGA-AO-A1KO-01,cBioPortal TCGA-BRCA PanCancer Atlas,GISTIC discrete CNA plus processed WES mutation profile,study import 2026-06-05,BRCA1/BRCA2,none,,not_available,no_causal_event_to_assess,incomplete,GISTIC is not allele-specific purity/ploidy; LOH and biallelic status require FACETS/ASCAT/PURPLE-style evidence.
TCGA-AR-A2LH-01,cBioPortal TCGA-BRCA PanCancer Atlas,GISTIC discrete CNA plus processed WES mutation profile,study import 2026-06-05,BRCA1/BRCA2,none,,not_available,no_causal_event_to_assess,incomplete,GISTIC is not allele-specific purity/ploidy; LOH and biallelic status require FACETS/ASCAT/PURPLE-style evidence.
TCGA-AR-A2LQ-01,cBioPortal TCGA-BRCA PanCancer Atlas,GISTIC discrete CNA plus processed WES mutation profile,study import 2026-06-05,BRCA1/BRCA2,none,,not_available,no_causal_event_to_assess,incomplete,GISTIC is not allele-specific purity/ploidy; LOH and biallelic status require FACETS/ASCAT/PURPLE-style evidence.
TCGA-BH-A42U-01,cBioPortal TCGA-BRCA PanCancer Atlas,GISTIC discrete CNA plus processed WES mutation profile,study import 2026-06-05,BRCA1/BRCA2,none,,not_available,no_causal_event_to_assess,incomplete,GISTIC is not allele-specific purity/ploidy; LOH and biallelic status require FACETS/ASCAT/PURPLE-style evidence.
TCGA-E2-A1IK-01,cBioPortal TCGA-BRCA PanCancer Atlas,GISTIC discrete CNA plus processed WES mutation profile,study import 2026-06-05,BRCA1/BRCA2,none,,not_available,no_causal_event_to_assess,incomplete,GISTIC is not allele-specific purity/ploidy; LOH and biallelic status require FACETS/ASCAT/PURPLE-style evidence.
TCGA-A2-A25B-01,cBioPortal TCGA-BRCA PanCancer Atlas,GISTIC discrete CNA plus processed WES mutation profile,study import 2026-06-05,BRCA1,likely_damaging,-1,shallow_loss,copy_loss_proxy_supports_second_hit,proxy_support,GISTIC is not allele-specific purity/ploidy; LOH and biallelic status require FACETS/ASCAT/PURPLE-style evidence.
TCGA-A7-A6VW-01,cBioPortal TCGA-BRCA PanCancer Atlas,GISTIC discrete CNA plus processed WES mutation profile,study import 2026-06-05,BRCA1,likely_damaging,-1,shallow_loss,copy_loss_proxy_supports_second_hit,proxy_support,GISTIC is not allele-specific purity/ploidy; LOH and biallelic status require FACETS/ASCAT/PURPLE-style evidence.
TCGA-A7-A6VW-01,cBioPortal TCGA-BRCA PanCancer Atlas,GISTIC discrete CNA plus processed WES mutation profile,study import 2026-06-05,NBN,missense_or_vus,0,neutral,second_hit_not_proven,incomplete,GISTIC is not allele-specific purity/ploidy; LOH and biallelic status require FACETS/ASCAT/PURPLE-style evidence.
TCGA-A8-A06X-01,cBioPortal TCGA-BRCA PanCancer Atlas,GISTIC discrete CNA plus processed WES mutation profile,study import 2026-06-05,ATM,missense_or_vus,0,neutral,second_hit_not_proven,incomplete,GISTIC is not allele-specific purity/ploidy; LOH and biallelic status require FACETS/ASCAT/PURPLE-style evidence.
TCGA-A8-A06X-01,cBioPortal TCGA-BRCA PanCancer Atlas,GISTIC discrete CNA plus processed WES mutation profile,study import 2026-06-05,BRCA1,likely_damaging,-1,shallow_loss,copy_loss_proxy_supports_second_hit,proxy_support,GISTIC is not allele-specific purity/ploidy; LOH and biallelic status require FACETS/ASCAT/PURPLE-style evidence.
TCGA-A8-A08L-01,cBioPortal TCGA-BRCA PanCancer Atlas,GISTIC discrete CNA plus processed WES mutation profile,study import 2026-06-05,BRCA2,likely_damaging,-1,shallow_loss,copy_loss_proxy_supports_second_hit,proxy_support,GISTIC is not allele-specific purity/ploidy; LOH and biallelic status require FACETS/ASCAT/PURPLE-style evidence.
TCGA-AR-A0U4-01,cBioPortal TCGA-BRCA PanCancer Atlas,GISTIC discrete CNA plus processed WES mutation profile,study import 2026-06-05,BRCA1,likely_damaging,-1,shallow_loss,copy_loss_proxy_supports_second_hit,proxy_support,GISTIC is not allele-specific purity/ploidy; LOH and biallelic status require FACETS/ASCAT/PURPLE-style evidence.
TCGA-BH-A0WA-01,cBioPortal TCGA-BRCA PanCancer Atlas,GISTIC discrete CNA plus processed WES mutation profile,study import 2026-06-05,BRCA1,likely_damaging,-1,shallow_loss,copy_loss_proxy_supports_second_hit,proxy_support,GISTIC is not allele-specific purity/ploidy; LOH and biallelic status require FACETS/ASCAT/PURPLE-style evidence.
TCGA-D8-A1JP-01,cBioPortal TCGA-BRCA PanCancer Atlas,GISTIC discrete CNA plus processed WES mutation profile,study import 2026-06-05,BRCA2,likely_damaging,-1,shallow_loss,copy_loss_proxy_supports_second_hit,proxy_support,GISTIC is not allele-specific purity/ploidy; LOH and biallelic status require FACETS/ASCAT/PURPLE-style evidence.
TCGA-E9-A1NC-01,cBioPortal TCGA-BRCA PanCancer Atlas,GISTIC discrete CNA plus processed WES mutation profile,study import 2026-06-05,BRCA1,likely_damaging,-1,shallow_loss,copy_loss_proxy_supports_second_hit,proxy_support,GISTIC is not allele-specific purity/ploidy; LOH and biallelic status require FACETS/ASCAT/PURPLE-style evidence.
